"顺序","编号","优先级","状态","领域","问题","风险","证据","验收标准","备注"
"1","MV-001","P1","已完成","store/undo","空 transaction 会清空 redo，历史满时还可能丢失 undo","无效手势破坏撤销/重做历史","packages/mol-viewer/src/store/slices/transactionController.ts:33; packages/mol-viewer/src/hooks/useCanvasPointerRouter.ts:69","undo 后空事务不改变 past/future；有效事务正确清空 redo；真实 store 测试通过","暂不扩展碰撞算法；2026-07-10 完成；66 个测试文件、431 个用例通过"
"2","MV-002","P1","已完成","interaction/undo","拖拽中切换 readOnly、工具或卸载可能遗留 transaction","zundo 可能永久 paused","packages/mol-viewer/src/lib/molRenderer/InteractionHandler.ts:350; packages/mol-viewer/src/lib/molRenderer/InteractionHandler.ts:427; packages/mol-viewer/src/hooks/useCanvasPointerRouter.ts:315","atom/object/gizmo 拖拽在 cancel、readOnly、卸载后 transaction depth 归零且 isTracking=true","2026-07-10 完成；核心包 68 文件 436 用例、App 19 用例和完整构建通过"
"3","MV-003","P1","已完成","store/undo","活跃 transaction 期间仍可执行 undo/redo","undo 可消耗事务起点快照","packages/mol-viewer/src/store/moleculeStore.ts:81; apps/retainmol/src/domain/keyboardCommands.ts:18","transaction 活跃时 undo/redo 被禁用或安全结束；键盘与 API 一致","2026-07-10 完成；核心包 68 文件 437 用例、类型和边界检查通过"
"4","MV-004","P1","已完成","scene/store","非空场景且 activeObjectId=null 时 setMolecule 会覆盖整个场景","多对象数据被静默删除","packages/mol-viewer/src/lib/builder/commands/scene/sceneStoreCommands.ts:104; packages/mol-viewer/src/store/slices/moleculeEditActions.ts:36","该状态具有明确契约；setMolecule 不静默删除其他对象；有集成测试","2026-07-10 完成；核心包 68 文件 438 用例、类型和边界检查通过"
"5","MV-005","P1","已完成","scene/identity","替换活跃分子时未保证全场景 atom/bond ID 唯一","picking、选择和编辑可命中错误对象","packages/mol-viewer/src/lib/builder/commands/scene/sceneStoreCommands.ts:104; packages/mol-viewer/src/lib/molRenderer/MolRenderer.ts:195","add/set/split/undo/redo 后 ID 仍唯一；bond 端点映射正确；多对象拾取测试通过","2026-07-10 完成；核心包 68 文件 440 用例、类型和边界检查通过"
"6","MV-006","P1","已完成","interaction/router","选择态 Shift+点击键会修改键级","明确选择操作意外修改分子","packages/mol-viewer/src/hooks/useCanvasPointerRouter.ts:130; packages/mol-viewer/src/hooks/builderBondEffects.ts:67","intent.canBuild=false 时任何 pointer/click 路由都不修改 molecule；路由矩阵测试通过","2026-07-10 完成；选择态 Shift/Alt 点击键只做多选；核心包 68 文件 441 用例、类型和边界检查通过"
"7","MV-007","P1","已完成","interaction/router","未选中原子的右键被框选路由抢占","原子右键菜单无法稳定打开","packages/mol-viewer/src/hooks/useCanvasPointerRouter.ts:127; packages/mol-viewer/src/components/viewer/AtomContextMenu.tsx:26","右键任意可编辑原子只打开菜单并选中，不启动框选或变换","2026-07-10 完成；右键命中原子或键均不启动框选，未选中原子由菜单路径自动选中；核心包 68 文件 442 用例、类型和边界检查通过"
"8","MV-008","P1","已完成","interaction/router","构建态双击原子可能先编辑再选片段","一次手势触发两种冲突语义","packages/mol-viewer/src/hooks/useRendererBinding.ts:99; packages/mol-viewer/src/hooks/builderAtomEffects.ts:61","double-click 只产生一个可预测意图；手势序列测试通过","2026-07-10 完成；InteractionHandler 统一仲裁单击/双击并覆盖取消生命周期；核心包 68 文件 447 用例通过；浏览器构建态双击保持 C6H6、仅选择片段且无 console error"
"9","MV-009","P2","已完成","builder/tool-state","片段笔刷在空白放置后退出，接原子或并环后继续","同一工具的生命周期取决于点击目标","packages/mol-viewer/src/hooks/builderBackgroundHandlers.ts:33; packages/mol-viewer/src/hooks/builderAtomEffects.ts:65; packages/mol-viewer/src/hooks/builderBondEffects.ts:71","所有成功放置路径共享同一 completion policy","2026-07-10 完成；移除背景 one-shot 特例，空白/原子/键路径均保持片段笔刷；核心包 69 文件 446 用例通过；浏览器连续放置由 C6H6 变为 C12H12 且无 console error"
"10","MV-010","P1","已完成","selection/store","选择命令 changed 语义不一致，误报更新或漏掉失效 ID 清理","虚假重绘/回调，选择集残留无效 ID","packages/mol-viewer/src/lib/builder/commands/selection/selectionCommands.ts:15; packages/mol-viewer/src/lib/builder/commands/selection/selectionRemovalCommands.ts:8","result 区分 moleculeChanged/selectionChanged；no-op 不 bump；失效 ID 必须清理","2026-07-10 完成；组合结果改为 moleculeChanged/selectionChanged 双维度，纯选择准确识别 no-op，store 拒绝失效 ID 并能 selection-only 清理；核心包 69 文件 454 用例、类型和边界检查通过"
"11","MV-011","P1","已完成","scene/store","锁定或隐藏的活跃对象仍可通过 store action 修改","键盘或 API 可绕过锁定语义","packages/mol-viewer/src/store/slices/sceneSlice.ts:67; packages/mol-viewer/src/store/slices/helpers.ts:37","公开编辑 action 共享可编辑性守卫；锁定/隐藏对象不被修改","2026-07-10 完成；active/objectId/split 编辑统一经过可编辑对象守卫，显隐与解锁仍可恢复编辑；核心包 70 文件 460 用例、App 19 用例、完整构建和 Sites 契约通过"
"12","MV-012","P1","已完成","controlled-sync","受控 molecule/selection 更新可能反向触发 change callback","外部状态与 viewer 形成回调回环","packages/mol-viewer/src/hooks/useMolViewerSync.ts:55; packages/mol-viewer/src/hooks/useMolViewerSync.ts:78","受控更新不回放 change callback；用户编辑仍正常回调；真实 subscription 测试通过","2026-07-10 完成；受控写入使用同步 guard，真实 Zustand subscription 证明 prop 不回放而用户编辑正常回调；核心包 70 文件 462 用例、类型和边界检查通过"
"13","MV-013","P1","已完成","renderer/resources","测量可视化更新时未释放全部 geometry/material","GPU 资源随测量重建持续增长","packages/mol-viewer/src/lib/molRenderer/MeasureVisuals.ts:33; packages/mol-viewer/src/lib/molRenderer/MeasureVisuals.ts:172","update/dispose 后所有移除资源均 dispose；反复更新的资源数稳定","2026-07-10 完成；update/dispose 共享递归释放出口，geometry/material 对象级测试各释放一次；核心包 71 文件 463 用例、类型和边界检查通过"
"14","MV-014","P1","已完成","renderer/gizmo","gizmo 缺少 pointercancel、lostpointercapture 和失焦清理","拖拽状态、capture 或 continuous ticker 残留","packages/mol-viewer/src/lib/molRenderer/RotateGizmoController.ts:120; packages/mol-viewer/src/lib/molRenderer/RotateGizmoController.ts:371","up/cancel/lost capture/blur/dispose 走同一复位出口；ticker 停止；transaction 结束","2026-07-10 完成；up/cancel/lost capture/blur/dispose 统一幂等复位，增加 pointerId 与 dirty 防护；核心包 71 文件 468 用例、类型和边界检查通过"
"15","MV-015","P2","已完成","renderer/picking","publication 键描边参与 picking 但没有 bond ID","点击描边可传递 undefined bondId","packages/mol-viewer/src/lib/molRenderer/InteractionHandler.ts:107; packages/mol-viewer/src/lib/molRenderer/MoleculeRenderer.ts:352","picking 只返回有效 bond ID；描边和键本体命中结果一致","2026-07-10 完成；publication 键主体与描边共享 bond identity，拾取入口过滤无有效 ID 的装饰 mesh；核心包 72 文件 470 用例和类型检查通过"
"16","MV-016","P2","已完成","renderer/resources","bond-drag ghost line 材质未 dispose","每次拖出生长都累积 GPU material","packages/mol-viewer/src/lib/molRenderer/GhostVisuals.ts:39; packages/mol-viewer/src/lib/molRenderer/GhostVisuals.ts:69","removeLine/dispose 同时释放 geometry 和 material；反复拖拽资源数稳定","2026-07-10 完成；ghost line 使用单个 DynamicDrawUsage position attribute 原位更新，clear/dispose 同时释放 geometry 和 material；核心包 73 文件 473 用例和类型检查通过"
"17","MV-017","P1","已完成","app/async","异步优化结果未绑定启动时的 scene object","切换对象后旧结果可写入新对象","apps/retainmol/src/components/panels/RightPanel.tsx:20; apps/retainmol/src/lib/moleculeOpt.ts:53","session 绑定 objectId 与 revision；过期结果被拒绝；坐标只写回原对象","2026-07-10 完成；异步任务捕获 objectId 与不可变 molecule revision，切换对象仍写回原对象，原对象编辑/删除后拒绝过期结果；App 4 文件 22 用例和 TypeScript build 通过"
"18","MV-018","P1","已完成","app/worker","Worker 失败时 Promise 和 busy 状态可永久悬挂","界面一直处理中，后续请求不正常","apps/retainmol/src/lib/moleculeOpt.ts:13; apps/retainmol/src/domain/moleculePlacementService.ts:37","onerror/onmessageerror/超时结束 pending；busy 在 finally 清理；可再次请求","2026-07-10 完成；Worker error/messageerror/60 秒超时统一结算并重建实例，postMessage 异常安全；busy 使用 finally 与并发计数；App 6 文件 28 用例及 TypeScript build 通过"
"19","MV-019","P1","已完成","app/async","2D→3D 生成缺少过期请求保护","并发导入或后续编辑可被旧请求覆盖","apps/retainmol/src/domain/moleculePlacementService.ts:32","request token/cancel 生效；replace 只提交最新请求；过期结果不改场景","2026-07-10 完成；replace 使用 latest token、单调 scene revision 与 active object 门控；对象动画由 AbortController 主动取消，RAF/异常统一恢复 transaction；App 9 文件 37 用例及 TypeScript build 通过"
"20","MV-020","P2","已完成","commands/boundary","atom↔fragment 和 interaction↔atom/bond 存在目录级互依赖","领域 facade 不是真实边界，容易形成环","packages/mol-viewer/src/lib/builder/commands/atom/atomClickCommands.ts:4; packages/mol-viewer/src/lib/builder/commands/fragment/fragmentCommands.ts:11; packages/mol-viewer/src/lib/builder/commands/interaction/interactionCommands.ts:2","领域依赖矩阵无 SCC；跨领域用例由 interaction/effect 编排；boundary check 能拦截回环","2026-07-10 完成；点击、拖拽结束和 placement 上移 interaction，atom/bond/fragment 只留领域原语；boundary 增加 allowlist、facade 与 Tarjan SCC 检查；核心包 74 文件 469 用例通过"
"21","MV-021","P2","已完成","commands/selection","selection 领域同时编排成键和清空分子","选择规则与 bond/scene 用例紧耦合","packages/mol-viewer/src/lib/builder/commands/selection/selectionCommands.ts:122","selection 只保留集合变换/查询；成键和清空由上层 use-case 编排","2026-07-10 完成；selected-atom 成键归 bond 并返回去选择元数据，清空与选择同步由 store 编排，删除选中内容移至 interaction；核心包 76 文件 469 用例、类型和边界检查通过"
"22","MV-022","P2","已完成","public-api","根入口暴露可变 FRAGMENTS、内部 builder 算法和废弃 wrapper","外部可破坏片段库，包契约持续扩大","packages/mol-viewer/src/index.ts:60; packages/mol-viewer/src/index.ts:71; packages/mol-viewer/src/public/editActions.ts:3","App 只用 subpath；根入口不暴露可变单例/废弃 wrapper；public manifest 测试通过","2026-07-10 完成；删除可变 FRAGMENTS、内部 builder 算法、cn/useBuilder 和废弃 editActions 根导出，root getFragment 改为防御性 public copy；核心包 77 文件 471 用例通过"
"23","MV-023","P2","已完成","public-api/deps","dist 包含内部声明树，zod 同时被安装与打包，存在未使用依赖","内部模块被 IDE 发现，包体积和安装成本增加","packages/mol-viewer/tsconfig.build.json:9; packages/mol-viewer/package.json:51; packages/mol-viewer/vite.config.ts:4","声明仅暴露公共入口闭包；zod 策略唯一；移除未使用运行时依赖","2026-07-10 完成；构建按 package exports 裁剪 declaration graph（206→49，map 归零），zod 保留 runtime dependency 并 external，移除未使用 CVA/lucide；dist contract 与 App 全量测试通过"
"24","MV-024","P2","已完成","app/boundary","viewerAdapter 使用 export * 透传 store/temporal/session API","更换 store 或拆分 slice 仍大面积波及 App","apps/retainmol/src/domain/viewerAdapter.ts:8","adapter 改为显式导出/窄 hook；App 不依赖 temporal 内部形状","2026-07-10 完成；viewerAdapter 改为显式 11-symbol 契约，zundo 收敛为 useMoleculeHistory 与 tracking 查询；boundary 禁止 export * 和 App 直读 temporal；App 9 文件 37 用例通过"
"25","MV-025","P2","已完成","app/performance","App 多个面板订阅完整 molecule store","坐标动画每帧使工具 UI 重渲染并重算连通分量","apps/retainmol/src/features/geometry/components/GeometryPanel.tsx:66; apps/retainmol/src/components/panels/RightPanel.tsx:13; apps/retainmol/src/features/scene/components/ScenePanel.tsx:6","面板使用窄 selector；非相关面板不随坐标帧更新重渲染","2026-07-10 完成；Scene rows 以拓扑 key 缓存并在坐标帧复用引用，RightPanel 订阅名称/命令，GeometryPanel shallow 订阅必要状态；App 10 文件 40 用例通过"
"26","MV-026","P2","已完成","app/domain","构建模式转换在 ToolStrip、BuildPanel、ElementPicker 有三套语义","界面入口切换后构建行为漂移","apps/retainmol/src/components/toolbar/ToolStrip.tsx:51; apps/retainmol/src/components/toolbar/BuildPanel.tsx:36; apps/retainmol/src/components/panels/ElementPicker.tsx:55","删除未使用实现或共享模式命令；工具状态不变式测试通过","2026-07-10 完成；删除无生产引用的 BuildPanel/ElementPicker，ToolStrip 统一调用 buildModeCommands，atom/fragment/build/select/non-build 状态不变式测试通过"
"27","MV-027","P2","已完成","app/domain","分子式逻辑重复且无碳体系 Hill 顺序不完整","不同 UI 显示不一致或错误分子式","apps/retainmol/src/components/layout/CanvasLabel.tsx:3; apps/retainmol/src/hooks/useMoleculeInfo.ts:17","core 提供唯一派生函数；Hill 顺序测试覆盖有碳/无碳体系","2026-07-10 完成；新增 core chemistry 派生入口并供 CanvasLabel/useMoleculeInfo 共用，Hill 顺序覆盖含碳多元素、无碳和空分子；core 子路径 manifest 与 App boundary 均受测试保护"
"28","MV-028","P1","已完成","testing","测试集中在 builder 纯函数，缺少真实 store 和浏览器/WebGL smoke","跨层 pointer、readOnly、undo、picking 回归无法被现有 428 个用例发现","packages/mol-viewer/vite.config.ts:59; packages/mol-viewer/src/hooks/builderCommandEffects.test.ts:71; packages/mol-viewer/src/lib/molRenderer/MolRenderer.ts:166","增加 store-backed 编辑工作流；Chromium/WebGL 挂载、拾取、编辑、undo、resize 无 page error","2026-07-10 完成；新增真实 store 拖拽事务→单步 undo/redo 测试；API 测试页改为单 viewer 隔离用例；Chromium 验证 WebGL 非空、真实拾取/编辑/undo、DPR resize、readOnly 点击/拖拽零回调且无新 console error；同时修复 renderer/overlay 动态 DPR 不一致和零尺寸 resize"
"29","MV-029","P2","已完成","chemistry/data","周期表允许选择未配置元素，但 fallback atomicMass 为 0","分子量会静默漏算 Sc/Ti 等元素并显示貌似有效的错误结果","packages/mol-viewer/src/config/elements.config.ts:63; apps/retainmol/src/components/toolbar/ToolStrip.tsx:345; packages/mol-viewer/src/lib/chemistry.ts:24","所有可选元素有可靠质量，或明确返回不完整结果且 UI 不显示伪精确数值；覆盖未知元素测试","2026-07-10 完成；ElementConfig 未知质量改为 null，calculateMolecularWeight 遇任一未知元素返回 null 而不返回部分和；几何面板明确显示“质量未知”/“M=未知”；core/public/App 覆盖 Sc 与 C+Sc 回归"
"30","MV-030","P1","已完成","interaction/performance","构建态原子单击为等待双击选片段而固定延迟 280ms","CH4 点击 H 接 CH4 等最小编辑也表现为明显卡顿，与分子规模无关","packages/mol-viewer/src/lib/molRenderer/InteractionHandler.ts:158; packages/mol-viewer/src/hooks/useRendererBinding.ts:109","构建态原子单击同步提交且不创建双击 timer；选择态双击选片段继续可用","2026-07-10 完成；仅在选择态绑定 onAtomDoubleClick，构建态单击立即调用 onAtomClick；intent gate 限定双击选片段为 select；新增零 timer 回归测试，mol-viewer 79 文件 479 用例与 App 11 文件 45 用例通过"
